<?xml version="1.0" encoding="ISO-8859-1"?>
<iati-activities version="1.02" generated-datetime="2013-06-26T09:44:20">
  <iati-activity xml:lang="en" default-currency="XDR" hierarchy="1" last-updated-datetime="2013-06-26T09:44:20">
    <iati-identifier>46002-P-AO-IE0-001</iati-identifier>
    <reporting-org ref="46002" type="40" xml:lang="en">African Development Bank Group</reporting-org>
    <participating-org role="Funding" ref="46003" type="40">African Development Fund</participating-org>
    <participating-org role="Extending" ref="" type="10">Government Of Angola</participating-org>
    <participating-org role="Implementing" ref="" type="10">MINISTERE DU PLAN</participating-org>
    <recipient-country code="AO">Angola</recipient-country>
    <recipient-region code=""/>
    <title xml:lang="en">CAPACITY BUILDING FOR POVERTY REDUCTION</title>
    <description>To build an integrated project implementation and coordination system at the National Department of Public Investments (NDPI), Ministry of Planning</description>
    <activity-website>http://www.afdb.org/en/projects-and-operations/project-portfolio/project/P-AO-IE0-001/</activity-website>
    <activity-date type="Start Planned" iso-date="2011-04-01"/>
    <activity-date type="End Planned" iso-date="2013-12-31"/>
    <contact-info>
      <organisation>African Development Bank Group</organisation>
      <person-name>BARBOSA Yolanda Arcelina de Oliveira</person-name>
      <email>y.arcelina@afdb.org</email>
      <telephone/>
      <mailing-address>African Development Bank Group
				AfDB Temporary Relocation Agency (Tunis)
				15 Avenue du Ghana
				P.O.Box 323-1002
				Tunis-Belved�re, Tunisia
				or
				Statutory Headquarters
				Rue Joseph Anoma, 
				01 BP 1387 Abidjan 01
				C�te d'Ivoire</mailing-address>
    </contact-info>
    <sector vocabulary="DAC" code="43010">Multisector aid</sector>
    <collaboration-type code="2">Multilateral</collaboration-type>
    <activity-status code="2" xml:lang="en">Implementation</activity-status>
    <transaction ref="">
      <transaction-type code="C">Commitment</transaction-type>
      <provider-org ref="">Government Of Angola</provider-org>
      <value currency="">250000</value>
      <transaction-date iso-date="2011-04-01"/>
      <aid-type code=""/>
      <finance-type code=""/>
      <flow-type code=""/>
      <tied-status code="5">Untied</tied-status>
    </transaction>
    <transaction ref="2100155019816">
      <transaction-type code="C">Commitment</transaction-type>
      <provider-org ref="46003">African Development Fund</provider-org>
      <value currency="">4920000</value>
      <transaction-date iso-date="2011-04-01"/>
      <aid-type code="C01">Project Type Interventions</aid-type>
      <finance-type code="110">Aid Grant Excluding Debt Reorganisation</finance-type>
      <flow-type code="10">ODA</flow-type>
      <tied-status code="5">Untied</tied-status>
    </transaction>
    <transaction>
      <transaction-date iso-date="2012-03-31"/>
      <transaction-type code="D">Disbursement</transaction-type>
      <provider-org>African Development Fund</provider-org>
      <value value-date="2012-03-31">205328</value>
      <description>Total Disbursement in First Quarter of 2012</description>
    </transaction>
    <location>
      <administrative adm1="Cuanza Norte" adm2=""/>
      <coordinates latitude="-8.911359" longitude="14.888702" precision="4"/>
      <gazetteer-entry gazetteer-ref="2241660">Cuanza Norte Province</gazetteer-entry>
    </location>
    <location>
      <administrative adm1="Cunene" adm2=""/>
      <coordinates latitude="-16.510087" longitude="15.435258" precision="4"/>
      <gazetteer-entry gazetteer-ref="3349096">Cunene Province</gazetteer-entry>
    </location>
    <location>
      <administrative adm1="Cuando Cubango" adm2=""/>
      <coordinates latitude="-15.947612" longitude="19.383201" precision="4"/>
      <gazetteer-entry gazetteer-ref="876337">Provencia do Cuando Cubango</gazetteer-entry>
    </location>
    <location>
      <administrative adm1="Cuanza Sul" adm2=""/>
      <coordinates latitude="-10.82696" longitude="15.031974" precision="4"/>
      <gazetteer-entry gazetteer-ref="3349234">Provencia do Kwanza Sul</gazetteer-entry>
    </location>
  </iati-activity>
</iati-activities>