<?xml version="1.0" encoding="ISO-8859-1"?>
<iati-activities version="1.02" generated-datetime="2013-06-26T09:44:28">
  <iati-activity xml:lang="en" default-currency="XDR" hierarchy="1" last-updated-datetime="2013-06-26T09:44:28">
    <iati-identifier>46002-P-LS-KA0-001</iati-identifier>
    <reporting-org ref="46002" type="40" xml:lang="en">African Development Bank Group</reporting-org>
    <participating-org role="Funding" ref="46003" type="40">African Development Fund</participating-org>
    <participating-org role="Implementing" ref="" type="10">MINISTRY OF FINANCE</participating-org>
    <recipient-country code="LS">Lesotho</recipient-country>
    <recipient-region code=""/>
    <title xml:lang="en">POVERTY REDUCTION SUPPORT PROGRAMME</title>
    <description>The programme objective is to support the implementation of the first pillar of the CSP 2008-2012, which is to improve governance and transparency and accountability in Management and use of Public Resources. The secondary objective is to strengthen the second pillar of the CSP 2008-2012, which is to promote economic growth and diversification (see annex III). With these objectives, the Poverty Reduction Support Grant seeks to support both the economic growth and good governance agenda as laid-out in the PRSW, which in turn are underpinned by the PAF. This requires a continuing process of improvement in the effectiveness and efficiency of government institutions.</description>
    <activity-website/>
    <activity-date type="Start Planned" iso-date="2010-02-18"/>
    <activity-date type="End Planned" iso-date="2011-03-31"/>
    <contact-info>
      <organisation>African Development Bank Group</organisation>
      <person-name>MATILA Mothobi P.S.</person-name>
      <email>p.matila@afdb.org</email>
      <telephone/>
      <mailing-address>African Development Bank Group
				AfDB Temporary Relocation Agency (Tunis)
				15 Avenue du Ghana
				P.O.Box 323-1002
				Tunis-Belved�re, Tunisia
				or
				Statutory Headquarters
				Rue Joseph Anoma, 
				01 BP 1387 Abidjan 01
				C�te d'Ivoire</mailing-address>
    </contact-info>
    <sector vocabulary="DAC" code="15110">Public sector policy and administrative management</sector>
    <collaboration-type code="2">Multilateral</collaboration-type>
    <activity-status code="2" xml:lang="en">Implementation</activity-status>
    <transaction ref="2100150021294">
      <transaction-type code="C">Commitment</transaction-type>
      <provider-org ref="46003">African Development Fund</provider-org>
      <value currency="">740000</value>
      <transaction-date iso-date="2010-02-18"/>
      <aid-type code="A01">General Budget Support</aid-type>
      <finance-type code="410">Aid Loan Excluding Debt Reorganisation</finance-type>
      <flow-type code="10">ODA</flow-type>
      <tied-status code="5">Untied</tied-status>
    </transaction>
    <transaction>
      <transaction-date iso-date="2010-12-31"/>
      <transaction-type code="D">Disbursement</transaction-type>
      <provider-org>African Development Fund</provider-org>
      <value value-date="2010-12-31">740000</value>
      <description>Total Disbursement in Fourth Quarter of 2010</description>
    </transaction>
    <transaction>
      <transaction-date iso-date="2011-03-31"/>
      <transaction-type code="IR">Interest Repayment</transaction-type>
      <provider-org/>
      <receiver-org>African Development Fund</receiver-org>
      <value value-date="2011-03-31">1379</value>
      <description>Total Interest Repayment in First Quarter of 2011</description>
    </transaction>
    <transaction>
      <transaction-date iso-date="2011-09-30"/>
      <transaction-type code="IR">Interest Repayment</transaction-type>
      <provider-org/>
      <receiver-org>African Development Fund</receiver-org>
      <value value-date="2011-09-30">2696</value>
      <description>Total Interest Repayment in Third Quarter of 2011</description>
    </transaction>
    <transaction>
      <transaction-date iso-date="2012-03-31"/>
      <transaction-type code="IR">Interest Repayment</transaction-type>
      <provider-org/>
      <receiver-org>African Development Fund</receiver-org>
      <value value-date="2012-03-31">2794</value>
      <description>Total Interest Repayment in First Quarter of 2012</description>
    </transaction>
    <transaction>
      <transaction-date iso-date="2012-09-30"/>
      <transaction-type code="IR">Interest Repayment</transaction-type>
      <provider-org/>
      <receiver-org>African Development Fund</receiver-org>
      <value value-date="2012-09-30">2814</value>
      <description>Total Interest Repayment in Third Quarter of 2012</description>
    </transaction>
    <transaction ref="2100155016816">
      <transaction-type code="C">Commitment</transaction-type>
      <provider-org ref="46003">African Development Fund</provider-org>
      <value currency="">5640000</value>
      <transaction-date iso-date="2010-02-18"/>
      <aid-type code="A01">General Budget Support</aid-type>
      <finance-type code="410">Aid Loan Excluding Debt Reorganisation</finance-type>
      <flow-type code="10">ODA</flow-type>
      <tied-status code="5">Untied</tied-status>
    </transaction>
    <transaction>
      <transaction-date iso-date="2010-12-31"/>
      <transaction-type code="D">Disbursement</transaction-type>
      <provider-org>African Development Fund</provider-org>
      <value value-date="2010-12-31">5640000</value>
      <description>Total Disbursement in Fourth Quarter of 2010</description>
    </transaction>
  </iati-activity>
</iati-activities>