<?xml version="1.0" encoding="ISO-8859-1"?>
<iati-activities version="1.02" generated-datetime="2013-06-26T09:44:24">
  <iati-activity xml:lang="en" default-currency="XDR" hierarchy="1" last-updated-datetime="2013-06-26T09:44:24">
    <iati-identifier>46002-P-SD-IBE-002</iati-identifier>
    <reporting-org ref="46002" type="40" xml:lang="en">African Development Bank Group</reporting-org>
    <participating-org role="Funding" ref="SRF" type="">Special Relief Funds</participating-org>
    <participating-org role="Implementing" ref="" type="10">GOVERNMENT OF SUDAN</participating-org>
    <recipient-country code="SD">Sudan</recipient-country>
    <recipient-region code=""/>
    <title xml:lang="en">EMERGENCY KHARTOUM STATE AFFECTED BY FLOODS</title>
    <description/>
    <activity-website>http://www.afdb.org/en/projects-and-operations/project-portfolio/project/P-SD-IBE-002/</activity-website>
    <activity-date type="Start Planned" iso-date="2010-09-22"/>
    <contact-info>
      <organisation>African Development Bank Group</organisation>
      <person-name>MENSAH Andoh Obed</person-name>
      <email>a.mensah@afdb.org</email>
      <telephone/>
      <mailing-address>African Development Bank Group
				AfDB Temporary Relocation Agency (Tunis)
				15 Avenue du Ghana
				P.O.Box 323-1002
				Tunis-Belved�re, Tunisia
				or
				Statutory Headquarters
				Rue Joseph Anoma, 
				01 BP 1387 Abidjan 01
				C�te d'Ivoire</mailing-address>
    </contact-info>
    <sector vocabulary="DAC" code="12250">Infectious disease control</sector>
    <collaboration-type code="2">Multilateral</collaboration-type>
    <activity-status code="2" xml:lang="en">Implementation</activity-status>
    <transaction ref="5000199001919">
      <transaction-type code="C">Commitment</transaction-type>
      <provider-org ref="SRF">Special Relief Funds</provider-org>
      <value currency="">649578</value>
      <transaction-date iso-date="2010-09-22"/>
      <aid-type code="D02">Other Technical Assistance</aid-type>
      <finance-type code="110">Aid Grant Excluding Debt Reorganisation</finance-type>
      <flow-type code="10">ODA</flow-type>
      <tied-status code="5">Untied</tied-status>
    </transaction>
    <location>
      <administrative adm1="Khartoum" adm2=""/>
      <coordinates latitude="15.8" longitude="33" precision="4"/>
      <gazetteer-entry gazetteer-ref="379253">Khartoum State</gazetteer-entry>
    </location>
  </iati-activity>
</iati-activities>